{
    "accuracy": 0.8231069770622985,
    "precision": 0.8158101445642183,
    "recall": 0.8346556323096915,
    "f1_score": 0.8251252968669445,
    "auc_roc": 0.9103613030130181,
    "nombre_modelo_ganador": "XGBoost_Calibrated",
    "fecha_despliegue": "2026-05-29"
}